publishedAt,authorDisplayName,textDisplay,likeCount
2024-11-03T16:02:53Z,@putrisopyan5211,Knp yanggg itu jwbnnya 48.000 msih ngg ngerti ğŸ˜­,0
2024-11-03T13:25:51Z,@lisagurly,nyadar ga sii angga yunanda sama syifa hadju mreka kalo nulis kidal ğŸ˜…,0
2024-11-03T08:42:19Z,@SpiderBoy-pv1lk,liat thumbnail kirain bhisma smash anjoyy,0
2024-11-03T03:51:36Z,@nabilahpriyatna1678,BANG JEROM COLLAB SAMA ABDUR ARSYAD PLIS S2 MTK BELIAU,0
2024-11-03T01:34:36Z,@sultanpoenya,"Anak saya juga jago matematika kak,, umur masih 6 tahun kurang, jago perkalian rapukuhan, ratusan, b",0
2024-11-03T01:36:10Z,@sultanpoenya,"Jago operasi penjumlahan dan perkalian hingga ratusan ribuan, jutaan,, bisa dibattle bakak",0
2024-11-02T23:17:21Z,@gyuuundhis,Seruuu bangggg,0
2024-11-02T12:41:56Z,@Novemberyo,Jerr kepengen liat lo collab bareng nabila taqiyyah dongg,1
2024-11-02T09:05:09Z,@dinapratiwi576,"Angga bermain logika dlm berhitung. Kren sih. Jd sblum dia menulis, dia sdh main logikanya dikepala hehe ğŸ˜…",0
2024-11-02T01:37:18Z,@silvianisaekasanty701,angga yunanda lucu kalo kumisan gemess,0
2024-11-02T03:00:05Z,@rhmaaan3910,hi,0
2024-11-01T15:37:28Z,@safinakadhim3484,Kumisan pangling,0
2024-11-01T14:35:47Z,@heribertus9427,mantap bang,0
2024-11-01T12:54:12Z,@UmiSalamah-np8hi,Jer Collab sama Salma salsabil yokkğŸ˜­,0
2024-11-01T11:00:32Z,@febyrahmat1080,"Padahal sederhana. Baru nyadar kalo harga asli itu kebalikan dari diskon persen. Tau gitu ga ribet ngitung kalo belanja. Dulu sekolah, gurunya gada yg ngasih trik dan gada youtube jg. Jadi cuma ikuti rumus haaa",0
2024-11-01T09:25:29Z,@yahdabaihakialimin2213,"Bang, saran. Yg di soal untung, rugi, diskon itu baiknya diimprove lg cara jelasinnya. Kalo aku dulu belajar, narasi guruku gini. Harga asli itu nilainya 100%. Kalo soal bilang barang diberi diskon 20%, artinya yg kita bayar 100%-20% = 80%, jadi total yg dibayar adl 80% dikali harga.   Kalo soal diberi tahu harga jual seetlah diskon sebesar 20% menjadi 64.000, guruku jelasinnya, harga setalah diskon artinya harga awal dikurangi diskon = 100%-20% = 80%.  Jadi harga setelah diskon yg 64.000 itu adl 80% harga awal. Yg kita cari berapa harga awalnya. Gitu sih dulu guruku ngajarin",0
2024-11-01T02:58:35Z,@meraryn1153,Plis jadiin Angga BA Mantapu Academy,0
2024-11-01T00:38:35Z,@mistermji,"<a href=""https://m.youtube.com/@mistermji"">https://m.youtube.com/@mistermji</a>",0
2024-10-31T23:34:32Z,@azivkcchannel3030,beda ya kalo artis dari daera dan berprestasi tadinya:V,0
2024-10-31T18:29:22Z,@andizevillio937,Gw gak bakal mau jd bintang tamu kalo acaranya tentang matematika ğŸ˜‚. Baru liat angka nya aja udh mau mabok gw sangking begonya gw kwkwkwkwkw,0
2024-10-31T17:07:30Z,@lnsprzl,"Pas di soal cerita terlalu cepetan bagi aku yg loading nya 2G ğŸ˜‚, jadinya aku jedain dulu baru hitung sndri kalau udah sesuai baru lanjutin lagi. Menyala otakkuğŸ”¥ğŸ˜­ğŸ˜‚",0
2024-10-31T15:57:47Z,@nnco5350,"<a href=""https://www.youtube.com/watch?v=c6ULhl5UU0k&amp;t=531"">8:51</a> meremehkan orang banget dah jerğŸ˜",3
2024-10-31T13:59:16Z,@alfian9459,Orangtuanya duaÂ² nya kepala sekolah,0
2024-10-31T12:40:34Z,@Mahathirahmad03,collab sama abdur komika,0
2024-10-31T11:54:56Z,@earlywantabe3912,Gw matematika kek gitu harga2 sabi lah ga pake ngitung wqwq tp klo lainya ampun dah,0
2024-10-31T10:08:52Z,@jamiatunihsaniah,Bangga bnget anak lombok bisa sekeren itu...nggak cuma ganteng pinter acting pinter lagii...angga emang top...membawa nama lombok,0
2024-10-31T07:02:57Z,@iissyabani5741,Suamiku dah nontn curang bareng temen2ny jd penasaran sama my annoying brother,0
2024-10-31T06:16:14Z,@MrWeird-sl6nf,BANG KANGEN SUTAN!!!,0
2024-10-31T05:44:12Z,@kamusaua667,"Matematika, sangat penting dalam kehidupan sehari-hari.<br>Tapi paling sering dihindari oleh kebanyakan orang ğŸ˜‚",0
2024-10-31T05:37:36Z,@ritmarikadila8680,Knpa jdi kyk Rizky Nazhar...,0
2024-10-31T05:36:50Z,@kamusaua667,"Secara logika sih.<br>Angka berapapun , kalo dibagi 2 itu 50 persen.<br>Dibagi lagi 5 , jadi 10 persen.",0
2024-10-31T04:25:55Z,@user-ov2gs6go1g,Bang coba nanti bikin Jerome goes to school ke sekolah genlus di Tangerang,1
2024-10-31T03:44:32Z,@lulululu8282,"Apakah aku sebenarnya seperti Angga, sebenarnya tau tapi tdk diasah dgn baik dgn tutor yg baikğŸ˜Š",0
2024-10-31T03:15:09Z,@RifqiMuhammadLionar,Gas bene dion,0
2024-10-31T01:51:44Z,@alisyajunita6554,wkwk hadir,1
2024-10-31T00:49:50Z,@daysnhi9,Suka angga tidak suka matematikağŸ˜‚,0
2024-10-31T00:17:25Z,@zafranabrisamsaputra2035,Emak emak nonton beginian kok jadi pusing pala yağŸ˜…ğŸ˜‚ğŸ˜‚,0
2024-10-31T00:01:09Z,@sirajdimo28,Jerome pasti senang mendengar iniğŸ˜…ğŸ˜…ğŸ˜…ğŸ˜…ğŸ˜…ğŸ˜…ğŸ˜….,3
2024-10-30T20:01:48Z,@salmaqanita5297,"angga ini dulu sekolah nya pinter ,terus ortunya juga guru",0
2024-10-30T16:34:18Z,@asyahidah6537,kerennn bgt woyy anggaa wkwkwk,0
2024-10-30T16:22:27Z,@luqyanaulfah7471,"Ku kira bisma smash liat dithumbnailnya mirip bgt soalnya, eh tautaunya angga yunanda ğŸ˜…",0
2024-10-30T16:11:15Z,@luqyanaulfah7471,"Pliiiis ikutan ngitung wooy ğŸ˜‚ dulu mtk nilainya jelek kebanyakan nebak, klo udh mentok mikir itung kancing ğŸ¤£",1
2024-10-30T15:44:33Z,@nayyaa___.44,Jerome gada niatan bikin channel khusus belajar matematika? ğŸ˜ğŸ˜ğŸ˜,0
2024-11-02T03:01:11Z,@rhmaaan3910,oii,0
2024-10-30T15:33:03Z,@delyaaf8800,wow beda bgt mukanya,0
2024-10-30T15:24:37Z,@abangndischannel3749,Bang coba undang bene dio dia pintar matematika loo,0
2024-10-30T15:19:29Z,@ramafarizi6536,"Bang jer menurutku ini konten keren bangett, aku ada saran bang jer ngajarinnya lebih sabar lagi lebih tenang lagi soalnya kan yg diajari kadang mikirnya ga secepet yg ngajarin.",0
2024-10-30T14:10:55Z,@rettanics9337,Lucu banget ekspresinya... Bisa2nya angga  kaget sendiri sama hasilnya yg bener ğŸ¤£ğŸ¤£,0
2024-10-30T13:38:10Z,@Mollyy95,Emng ya yg gantengÂ² itu pinter mtk.. keren bgt,0
2024-10-30T13:10:12Z,@attinaga5410,Yg biasa ngejar diskon pasti jago ngitung ğŸ¤­,0
2024-10-30T13:00:43Z,@attinaga5410,Coba undang ALELDUL dong,0
2024-10-30T12:18:44Z,@tazkiabdullah,Salfok sama angga nulisnya pakai tangan kiri. Setiap orang yg nulisnya pakai tangan kiri.. Pasti pinter. Berarti angga yunanda emang pinter ğŸ˜ğŸ¤©,0
2024-10-30T12:14:48Z,@tazkiabdullah,Angga kumisan. Pangling.. Wkwkw. Kayak bukan angga yunanda. Pasti karena tuntutan peran film nya.. ğŸ˜ƒ,0
2024-10-30T12:14:13Z,@macan-z1u,Mirip ya,0
2024-10-30T12:06:08Z,@rossyrose511,Gila angga aku bangga ğŸ˜‚,0
2024-11-02T03:01:33Z,@rhmaaan3910,oi,0
2024-10-30T11:46:28Z,@nuridaoctavia9473,Tranding kan....,0
2024-10-30T10:36:13Z,@DinoDesign-o3g,Kak jerom banyakin konten tentang matematika dong,0
2024-10-30T10:12:46Z,@romina6907,sakit ya mas atau flu kalau kurang sehat istirahat mas,0
2024-10-30T08:32:08Z,@syunianggr,Colab sm prilly,0
2024-10-30T08:30:14Z,@krisZs666,Kangen waseda boys,0
2024-10-30T08:14:53Z,@zeey001,"gila, ada kembaran gue",0
2024-10-30T07:14:25Z,@nayya7764,nextt collab sama syifa hadju dong jerrğŸ˜…,1
2024-10-30T06:12:00Z,@Fazri27channel,Matematika menyerukanğŸ˜Š,0
2024-10-30T06:11:41Z,@munchkinesse,suka bgt konten challange mtk giniii nge bantu bgt jerrr,1
2024-10-30T06:10:11Z,@isroqmlonk8585,Chatezâ¤â¤â¤,0
2024-10-30T06:09:57Z,@isroqmlonk8585,Collab sm chatezâ¤â¤â¤,0
2024-10-30T05:12:20Z,@ihsanramadhan5113,Ajak bg abdur min,0
2024-10-30T00:56:09Z,@SitiMutmainah-b8w,Next collab sama iqbal ramadhan plisssss,0
2024-10-30T00:39:25Z,@aureliaangelc1545,Episodee kesekiann nontonin angga promo film iniğŸ˜­,0
2024-10-30T00:20:13Z,@hennychannel8493,Makasih jer. Sekarang aku lagi di kasih PR kelas 6 SD sama anaknya bos. Bilangnya cuma main aja. Tapi ngerjain nya seriusğŸ˜‚ğŸ˜‚ğŸ˜‚ğŸ˜‚ğŸ˜‚<br>Mantaappp jiwaaaaağŸ‰ğŸ‰,0
2024-10-30T00:15:00Z,@silverbullet4869_,"Bang, gimana cara menghitung persentase. Dalam kasus saya, responden sebanyak 100 dan beberapa responden menjawab lebih dari 1 jawaban sehingga diperoleh jumlah total 160 (jawaban 1 = 83 orang, jawaban 2 = 31, jawaban 3 = 9, jawaban 4 = 2, jawaban 5 = 2, jawaban 6 = 33 orang). Kalo 1 responden memilih 1 jawaban kan enak bang ngitungnya apalagi responden pas 100, ini responden beberapa memilih lebih dari 1. Tolong dibantu bang. Terima kasih.",0
2024-10-29T23:11:41Z,@doszzstore,kak jerome info lagu jepang yang bagus dong waktu vidio kak jerome yg kejepang bareng keluarga 3 bulan yg lalu itu kan ada scene yg hp jatuh pas lagi makan sushi itu lagu nya enak info lagi dong lagu yg enak,1
2024-10-29T22:52:01Z,@ayusesar4091,Sering sering bang bikin konten bahas soal suka bgt gue yg udh lupa inget lagi,0
2024-10-29T19:38:06Z,@rizkifatimahkiki7421,Ya Allah dikira siapa taunya Angga yunanda udah kumisanğŸ˜­,0
2024-10-29T16:33:57Z,@SkrivSizzle,Thumnail nya gw pikir Bisma smash wkwkwk,0
2024-10-29T16:30:47Z,@grasellasinaga956,"Kenapa untung nya jd 120% yaa kan td soal nya untung 20%, tolong kasih paham dong ğŸ˜…",0
2024-10-29T14:50:00Z,@puspitanawasepti2363,"Baru tau Angga kidal yaaa, lucu bangetğŸ¤­",3
2024-10-29T15:14:03Z,@GoodBoys27_,"Iya bjir sama kek si Syifa Hadju sama sama kidal, emang 2 sahabat ini unik bet wkwk",1
2024-10-29T14:43:35Z,@DiqyOfficial,Kalau 64.000 + 20% = 76.800 salah?,0
2024-10-29T14:25:02Z,@dzudillashidqia7224,Filem annoying brother bagussss huaa,0
2024-10-29T14:21:21Z,@rullirn3335,Mirip ya kalian,0
2024-10-29T14:20:12Z,@hizra9757,JER KITA SEUMURAN.. TAPI GUE BUTUH LO JDI GURU MATEMATIKA GUE PLIS ğŸ˜­ğŸ˜­ğŸ˜­ğŸ˜­,0
2024-10-29T14:14:16Z,@iloveyoubeach,malah cosplay bowo jir angga yunanda wkwk,0
2024-10-29T13:51:19Z,@kucingmiau90,"Astaga Angga ada kumisnya, tua bgt",0
2024-10-29T13:27:16Z,@hizra9757,"gtau yah, pas lihat angga ne aku spt mlht charlie puth, wajahnya mirip soalny",1
2024-10-29T12:57:38Z,@blackcoffeee,Angga yunanda kalo lagi ngitung gemes bangat ğŸ˜­â™¥ï¸,1
2024-10-29T12:09:32Z,@rikamaryam2983,cukur gağŸ˜­,0
2024-10-29T11:27:19Z,@jiear8964,"angga ky anak qw yg cwe, tau hasilnya tp bingung begitu suruh nulis caranya hahahaha",0
2024-10-29T11:12:17Z,@mdaffasaputra9662,Minimal 3 SKS jer vidionya,0
2024-10-29T11:08:46Z,@kevinjovianpanjaitan4505,Bg medy kapan,0
2024-10-29T11:00:50Z,@melisapuspitasari3065,Gua bukan ahli matematika sekedar suka aja mapel nya..tapi ini emang gampang gk si bukan yang kek complicated gitu soalnya,1
2024-10-29T10:20:20Z,@baktiparningotan8002,"soalnya rada rada mirip PISA btw, thanks jerome ini berguna bgt buat anak anak kita ğŸ‘ğŸ‘",0
2024-10-29T09:54:13Z,@justmeq2473,"Angga yunanda pas smp dulu prnh juara olim matemakia jer, sekolahnya dari SD udh di sekolah favorit",13
2024-10-29T09:48:02Z,@NisrinaAqilahKhairunnisa,mantap Anggaaa logikanya keren baget,0
2024-10-29T09:45:09Z,@elvinrafafi6276,pls ajarin rigen wkwkwwkwkwkwk,0
2024-10-29T09:39:38Z,@lidyasijabat9252,Keren....,0
2024-10-29T09:19:35Z,@eciliana4818,Angga ni dulu berhasil lolos SMP 2 dimana SMP itu salah satu yg paling favorit dan RSBI di kota kami masuknya pakai tes 13 tahun lalu. Itu dan dia bisa lolos berarti dia pinter sih. Jd klo mtk dasar dia pasti bisa kerjain.,1
2024-10-29T09:05:27Z,@wobblyorbee279,"<a href=""https://www.youtube.com/watch?v=c6ULhl5UU0k&amp;t=20"">0:20</a>",0
2024-10-29T09:04:38Z,@rifkyansyah8749,p,0
2024-10-29T09:02:40Z,@user-kf7ed5un9e,undang sandyy coc plissssss,0
2024-10-29T08:48:08Z,@Theotampan20,Nihongo Mantappu menyukai komentar anda,1
2024-10-29T08:46:59Z,@hashifahclaudia2072,"Bang jer cara menjelaskan nya kurang bisa dipahami dengan mudah. Kayak belibet buat yang baru belajar, kalo yg dh ngerti sih paham pasti. Tapi mudah2an next bisa lebih luwes lagi menjelaskannya. Semangattt",0
2024-10-29T12:24:29Z,@veiniev,Setuju ğŸ˜­,0
2024-10-29T08:32:58Z,@conkupik,Terimakasih ilmunya buangg,0
2024-10-29T07:57:19Z,@Silembuut21,salah banget lg puyeng nonton bginian,0
2024-10-29T07:48:16Z,@eolhcha,Gilakkk weh angga udah cakep pinter pula,6
2024-10-29T07:38:53Z,@rivarangga,RambutnyağŸ„owkwowk,0
2024-10-29T07:25:00Z,@wandachamidah5032,"Angga di <a href=""https://www.youtube.com/watch?v=c6ULhl5UU0k&amp;t=160"">2:40</a> rambutnya pengen w rapiin dah, masuk mata itu wkwk",0
2024-10-29T07:14:49Z,@trisyaarini210,Jerrr habis ini sama fadhil jaidi dongggg,0
2024-10-29T07:06:19Z,@boraboo7889,relate banget sama angga yang kalau ngerjain matematika nalarnya jalan tapi teorinya gatau. jadi kalau soal di otak atik yang lebih susah di nalar jadi bingung sendiri wkwkkw,0
2024-10-29T06:59:48Z,@kemanakau9,wihhh luas juganii pemasaran film merekaaağŸ‰,3
2024-10-29T06:13:55Z,@MuhammadHabibi-xh5rt,Bang reaction heris skuyy sm teman jepang abg,0
2024-10-29T06:11:51Z,@monicadwipratiwi193,120% dpt darimana ğŸ˜­,0
2024-10-29T05:30:25Z,@nikmatiajaa,"BANG SAYA PUNYA TEMEN CEWEK UMUR 16 THN,DIA HOBI PELAJARANNYA MATEMATIKA,TRS DIA TAMAT SMP DOANG,GAK BISA LANJUT SEKOLAH KARNA BIAYA.DI SEKALOH DIA DAPAT PERINGKAT 1,2 TRS.TRS MAU KEJAR PAKET C ,DIA BINGUNG JUGA KARNA BIAYA.DAN DIA KERJA ,BUAT KEJAR PAKET C.TERIMAKASIH.",0
2024-10-29T10:54:23Z,@LalaViola-i4f,WowğŸ˜…ğŸ˜ŠğŸ˜ŠğŸ˜Š,0
2024-10-29T05:12:20Z,@rnbeefamily810,Andaikan dulu guru MTKku Kamu Jerr...ğŸ˜‚ğŸ˜‚ Auto nyantol diotak gak kebanyakan ngapalin rumus. Sekarang Aku pantau buat nanti ngajarin ke Anak. Wkwkkwkw,0
2024-10-29T04:42:45Z,@efftinfani7705,"Koq Angga mukanya beda gitu ya,kyk udah dewasa bgtğŸ˜Š",0
2024-10-29T04:26:55Z,@ekaputri5954,Bneran angga yunanda kirakn mirip aja hahhaah,0
2024-10-29T04:24:48Z,@threearq2894,Angga versi mamang2ğŸ˜…,0
2024-10-29T04:22:50Z,@farelesaherlambang4029,Lah ini angga yunanda??? Kok beda bet bjirrrrğŸ˜®,0
2024-10-29T04:20:48Z,@Sonxzy13,Berasa lagi zoom wkwkwk,0
2024-10-29T04:07:49Z,@UlfiArisa,Angga definisi cerdas cakep santun<br>Paket lengkap favorit calon mertua ini mah<br>Join kak jerome masuk kemendikbud gihâ¤,37
2024-10-29T04:03:17Z,@anggitafbryn5445,Kaget sm angga yg kumisan. Dan kaget sm jerome ygğŸ’ª,1
2024-10-29T03:46:06Z,@septianasindi1211,"Top 2 cowok tampan+ pintar menurut kuğŸ˜, kurang Iqbal biar top 3",2
2024-10-29T10:55:16Z,@LalaViola-i4f,Masih gantengan angga yunanda gk sih?? ğŸ¤,0
2024-10-29T11:04:36Z,@septianasindi1211,"@@LalaViola-i4f kan menurut ku, 1.angga yunanda, 2. Jerome Polin 3.iqbal ramadhan,",0
2024-10-29T03:36:39Z,@raishaAqila-e8x,Aku suka matematika tpi baru kelas 3 sd,0
2024-10-29T03:29:20Z,@ditadelv9537,"kaget sama thumbnail-nya, tulisannya ANGGA YUNANDA tapi kok fotonya BISMA SMASH hahaha, mirip gitu haha sorry",1
2024-10-29T03:28:30Z,@mustikaumipertiwi3384,"Remake film Korea y, D. O jo jung suk park shin hye. Tu film nya sdih bgt.dia mah pinter,soalnya prnah diundang youtube sapa,masa skola nya berprestasi",1
2024-10-29T03:15:44Z,@SUKMAWAN,Undang gua broğŸ˜‚,0
2024-10-29T02:50:37Z,@AlinkaWijaya,Abdur arsad S2 matematika.. Siapa yg Setuju....,0
2024-10-29T02:37:27Z,@dianajen501,Aku udah nonton dari awal sampai akhir tetep aja kagak ngarti jerr T_T,0
2024-10-29T02:29:06Z,@yunnipurwanti5985,duo ganteng yg bersatu :D gass main film bareng yakk hahhaha,1
2024-10-29T02:23:02Z,@chiizcake,harus trending iniiiii!!!,1
2024-10-29T02:15:38Z,@nurfebymuzaniah2983,PusingğŸ˜ğŸ˜,0
2024-10-29T02:12:35Z,@rafinurromadhon6905,angga definisi abang abangan gw,0
2024-10-29T01:50:34Z,@citra1799,Angga tuh kidal??,0
2024-10-29T01:29:42Z,@fadjaragri,Kapan collabs sama bernadya bang jer?,0
2024-10-29T01:17:33Z,@Noname-gx4id,SukaağŸ‰,0
2024-10-29T01:00:10Z,@rindatripambayun934,Sumpah jd paham soal soal gini lagii,1
2024-10-29T00:58:17Z,@mamamitha1356,Sebagai emak2 40th ngerjain ini sampe level 5 ga pake ditulis n bener..brarti lumayanlah y aku..hasil sering ngitungin diskonan ğŸ˜‚,0
2024-10-29T00:53:25Z,@gardenyang2303,"<a href=""https://www.youtube.com/watch?v=c6ULhl5UU0k&amp;t=657"">10:57</a> waaaw bener angga jwb 90rb wkwkkwkw cuma kynya jerome blg salah krn ngira 90rb itu diskon nya ğŸ˜‚ keren anggaaaa",1
2024-10-29T00:42:07Z,@endahwulan93,Jer undang Jefri Nichol dooongğŸ˜‚,0
2024-10-29T00:42:06Z,@Ahmadfaqot-1002,Keseruan mtk saat memecahkan masalah dengan berbagai solusi dan rumus yg ada..... ğŸ˜ŠğŸ˜ŠğŸ˜ŠğŸ˜ŠğŸ˜ŠğŸ˜ŠğŸ˜Š,0
2024-10-29T00:35:25Z,@Januari-uk3ik,&quot; GAMPANG ... Aku juga bisa,0
2024-10-29T00:28:00Z,@Agar420,"Lah gw temen sd nya angga, dia mah emg pinter mat dulu sering ikut tryout2 gitu biasa termasuk yg peringkat tinggiğŸ˜‚",0
2024-10-29T00:17:56Z,@citraikaputri4277,Semenjak punya anak sd yg suka mtk aku jadi suka lihat yutub bang jero.. padahal pas sekolah anti mtk banget T_T,1
2024-10-29T00:08:47Z,@YukiCayank,Jago banget matematika nyağŸ˜…ğŸ˜…,0
2024-10-29T00:04:06Z,@Agar420,Itu beneran angga?ğŸ˜‚,0
2024-10-28T23:51:34Z,@MarioBersaudara,Angga plis gak usah pakai kumis kayak orang tua ğŸ˜…,0
2024-10-28T23:44:29Z,@aidaadelianadewi7182,Anggaaâ¤,1
2024-10-28T23:28:00Z,@nyingkah,GAK TAU KENAPA GUE NUNGGUIN FADIL HADIR DI SEGMEN INI... PASTI SERU ... ğŸ˜‚ğŸ˜‚ğŸ˜‚ğŸ˜‚,0
2024-10-28T22:51:02Z,@naminasae0048,Jir gue kira raditya dika,0
2024-10-28T22:33:56Z,@ianasfan,Masih nunggu ngajarin Cathezz... <br>Mumet dah jerome... ğŸ˜…,1
2024-10-28T22:18:07Z,@pillowtalkpodcasts5990,"sandy , axel , kadit bang jer ğŸ‰ğŸ‰ğŸ‰ undang buat collab",1
2024-10-28T18:47:57Z,@fakhrulhidayat137,Saran setup nya di bikin kaya suasana kelas mungkin lebih bagus,0
2024-10-28T18:40:43Z,@aldadynasugihrahayu2591,"ini agak agaknya lebih gampang dibanding yg kemaren bang bintang emonğŸ˜‚ ditambah angganya keliatan lebih pinter drpd bang bintang, harusnya kebalik nih soalnya, angga dikasih soal yg ky bang bintang kemaren mungkin lebih mikir kayanyağŸ˜‚",1
2024-10-28T18:33:34Z,@sanggargaleri5916,Matematika itu asyikk ğŸ‰,0
2024-10-28T18:30:06Z,@tirsyaypattiasina8053,Anggaâ¤â¤â¤â¤â¤,3
2024-10-28T18:24:21Z,@RyliasveilCh,"MTK itu subject favorite gw di zama sekolah dulu sih, ampe skrg masih suka.",4
2024-10-28T18:19:15Z,@agiskamila,Angga ini mukanya berubah2 tergantung rambut ğŸ˜­ Tapi keren itu bisa jadi nilai plus dia dalam dunia acting bs sesuai sm peran yg dia mainkan..,27
2024-10-28T18:01:07Z,@widyartiapriliani2070,Cocok bnget buat aku  yg kerjanya retailğŸ˜…,0
2024-10-28T17:31:49Z,@yulianurfauziah6723,"ibu bapaknya Angga kepala sekolah di lombok setau akuu, jd pasti pendidikan jg di nomer satukan",35
2024-10-28T17:12:17Z,@yika2583,sesi kek gini suka bangeettt arrrgghhhh,1
2024-10-28T17:05:13Z,@Marcellaamarcella-e5g,Saya Suka orang pintar matematika giliran aku aduh lemah banget dalam matematika,0
2024-10-28T16:50:38Z,@RaodatulJannah-cs3nt,Bang durasinya bisa lebih lama lagi ga? Minimal sampe upin ipin kuliah:&#39;)),4
2024-10-29T10:33:52Z,@LalaViola-i4f,Woy gilaklu ğŸ˜‚ğŸ˜‚ ampe berapa tahun tuh kwkwwkwkwkwwkwkwk,0
2024-10-30T14:00:54Z,@RaodatulJannah-cs3nt,@@LalaViola-i4f wkwkwk seganteng itu durasinya bentar bgt cokğŸ˜­,0
2024-10-28T16:45:25Z,@dizatiffany,"wah, setelah sekian lama tdk mikir mtk. flashback jaman skolah. thank you jer, berguna bgt buat ngitung promo di supermarket ğŸ˜",9
2024-10-28T16:43:32Z,@hendriefendi2441,Model rambutnya gitu amat ya ğŸ˜‚,0
2024-10-28T16:32:18Z,@horidatulmunawaroh6581,Sama Sandy coc donk,0
2024-10-28T16:31:15Z,@trianismagnae8602,"Di podcast angga pernal bilang mama papa nya kepala sekolah dan dia ngerasa kurang bagus di akademik, tp disini angga terlihat banget pinternya..",2
2024-10-30T03:00:46Z,@ellissitinh2351,"angga emang pinter ka dulu waktu sekolah slalu peringkat 1, juara umum jga, selalu mewakili sekolah, dia juga jago lukis, jago kaligrafi dan slalu juara",0
2024-10-30T03:01:02Z,@ellissitinh2351,"angga emang pinter ka dulu waktu sekolah slalu peringkat 1, juara umum jga, selalu mewakili sekolah, dia juga jago lukis, jago kaligrafi dan slalu juara",0
2024-10-31T09:04:34Z,@NimahAziza,Satu sekolah kah? â€‹@@ellissitinh2351,0
2024-10-28T16:13:47Z,@maylanidwi6882,Nyimak biar pinter matematika,1
2024-10-28T16:04:19Z,@wiedaamelia9274,Jerome angga dr dlu emg pintar ortu kepsek cuyy...,0
2024-10-28T16:00:34Z,@AnisaNf-ce3gk,Tetep ganteng tauk malahan jdi manis gantengâ¤,0
2024-10-28T15:55:30Z,@amellyawiharja2876,Angga Filmnya bikin aku nangis ğŸ˜­ğŸ˜­,0
2024-10-28T15:54:50Z,@chubbychewy6092,eh angga tuh kidal ya? apa kameranya mirror?,0
2024-10-28T15:56:47Z,@chubbychewy6092,"mirror ternyata, tangan kiri yang pake jam tangan wkwk",0
2024-10-28T15:40:02Z,@fitriahhpipit983,angga gw gemes sm rambut luğŸ˜­,12
2024-10-28T15:39:58Z,@HaniHani-gv6ol,Nunggu bareng echa kapan upload jerom,1
2024-10-28T15:28:28Z,@Mifda.As-saodah_Tv,Di arafah ketemu angga. Di jerome juga sama,3
2024-10-28T15:21:03Z,@qudsiabilqish5950,"Asli kaget bgttttt, dah lama ga lihat anggaa, sekalinya muncul , muncul di yt bang jer diajakin collab mtk dan wajahnya angga udh gk baby face lagi woyyy",8
2024-10-28T15:19:19Z,@hafidardiansyah7360,Undang el rumi dong. Soalnya banyak yg bilang dia pinter + gaya bicaranya mirip sama jerome ğŸ˜‚,18
2024-10-28T16:05:22Z,@ZakiAldian-hj3ik,Lagi sibuk pacaran dia,1
2024-10-29T13:30:47Z,@wdyaa569,â€‹@@ZakiAldian-hj3ik nyari duit dulu dia di arisan,1
2024-10-28T15:16:40Z,@fitrilappa939,Kalian berdua mirip,1
2024-10-28T15:16:18Z,@dewiretno9292,Undang Prilly dong ğŸ˜‚ğŸ˜‚ğŸ˜‚,0
2024-10-28T15:12:25Z,@Bends-ye7qx,Bang Jerome next Amanda manopo ğŸ˜ŠğŸ‘,0
2024-10-28T15:12:06Z,@fadhillahahmad9317,Si angga kok malah kaya raditya dika yağŸ˜‚ apa perasaan gua aja,0
2024-10-28T15:09:53Z,@agnesmutia4955,"ya ampun suami aku, angga yunanda",0
2024-10-28T15:03:47Z,@scorpios__,kya bukan angga bner&quot; ga ngeh,0
2024-10-28T15:03:07Z,@lutfiyahazizah631,"BANGGGG, AYOO UNDANG IQBAAL RAMADHAN DI KONTEN INIII PLEASE ğŸ˜­ğŸ˜­ğŸ˜­ğŸ˜­",4
2024-10-29T00:56:34Z,@IpatNuryanti,"Nunggu promo film, tapi gimana PHP nya ga sih?",0
2024-10-28T15:02:42Z,@goguma04,Gila lancar banget Angga ğŸ‘ğŸ‘ğŸ‘ ikut bangga,0
2024-10-28T14:58:49Z,@tfdchemwer,"Angga pernah jd siswa teladan di mariposa,, sedikit banyak dia tahu lah ttg soal2 gtğŸ˜…",0
2024-10-28T14:57:53Z,@tfdchemwer,"Angga pernah jd siswa teladan di mariposa,, sedikit banyak dia tahu lah ttg soal2 gtğŸ˜…",6
2024-10-28T14:50:26Z,@azizarif88,Collab sama Jefri Nichol bang Jerome...ğŸ˜…ğŸ˜…pgen tau Jefri belajar matematika,0
2024-10-28T14:44:55Z,@raihanzakyansyah,Undang bang Fadil jaidi,1
2024-10-28T14:44:24Z,@nadiaikhwani4785,kirain bukan ka anggağŸ˜‚,1
2024-10-28T14:44:11Z,@InayatulAgam,"Anjirr kirain angga palsu, ragu banget buat nonton, beda bangettt wooyy",4
2024-10-28T14:38:56Z,@taufikrahman4672,Coba ajak abdur arsyad bang... Stand up komedian tp S2 matematika,247
2024-10-28T23:59:20Z,@abbybaok,"S2 Pendidikan Matematika. Beda kayaknya, walau ada ngitungnya.",3
2024-10-29T01:12:47Z,@yourforeverenemiee,@@abbybaoktapi tetep ngitung dongğŸ˜­ kan matematika.,8
2024-10-29T04:36:05Z,@taufikrahman4672,@@abbybaok mungkin beda bang tp ttp aja matematikq ğŸ¤£... Gw juga pernh liat kontennya bg abdur ngomngin penalaran matematika... Yaa siapa tau cocok pas collab ğŸ˜‚ğŸ˜‚,5
2024-10-29T07:09:49Z,@wanaboed,Wah nanti ga menarik lagi konten nya karena mereka bakal sibuk bikin rumus ğŸ˜‚,1
2024-10-28T14:38:51Z,@roudhotuljannah2767,Collab sama pacarku ceunahh,0
2024-10-28T14:34:18Z,@mirrorrr,Logika mat nya Angga keren...saluutt,10
2024-10-28T14:30:38Z,@lakinamikilopiko8206,Seru banget aku jadi paham soal-soal yang dikasihhğŸ˜Š,10
2024-10-28T14:29:10Z,@halymawynda1843,Angga soft spoken banget pls ğŸ˜­ğŸ«¶ğŸ»,3
2024-10-28T14:28:46Z,@leeleevaa,seruuu banget jelas bangett jadi paham sambil coba ngerjain,3
2024-10-28T14:28:38Z,@marifatulkhoeriyah8974,dia pinter elu ternyata,0
2024-10-28T14:27:54Z,@putueni987,"My Annoying Brother adaptasi dr Film Korea yg judulnya sama. Kalau jalan ceritanya sama, sumpah pasti nangis sesenggukan. Terutama di akhir. Dulu yg main DO EXO",76
2024-10-29T10:22:31Z,@LalaViola-i4f,Bisa nonton di youtube gk kak ğŸ˜‚ğŸ˜‚,0
2024-10-31T05:19:20Z,@Egar_evelynnn,Bener bangett,0
2024-10-28T14:26:50Z,@rachleh2634,Rada bingung pas penjualan sepeda. Katanya untung 20% jadi 120k. Kok itu pas ngerjainnya bisa jadi 120% ya? Bukan 20%?,2
2024-10-28T16:53:42Z,@sanomanjiro9384,"Total harga beli sm untung, secaar persenan",1
2024-10-29T00:25:30Z,@KazumaFSeiei,Harga beli 100% dan untung 20% artinya harga jual + keuntungan =120%,0
2024-10-28T14:23:17Z,@fitrialaili3073,Aku kira ini Angga KW wkwkwk,0
2024-10-28T14:20:19Z,@C_017_HanaPuspita,mau ngelamar ke bimbel nya bang Jer. Persyaratannya apa ya?,1
2024-10-28T14:18:05Z,@e.h933,Adaptasi drakor kn ya?? Drama kyungsoo bukan sih??,0
2024-10-28T14:15:28Z,@lebahmadu24,Kami tetap dukung angga dripda Jerome. Mf Jerome tapi angga lebih menggoda walaupun kmu pintar matematikağŸ˜‚,0
2024-10-28T14:10:07Z,@sintiasari7377,Boleh ga si kalo misalkan<br><br>Harga beli + untung = harga jual<br>Harga beli + untung (20.000) = 120.000<br>Harga beli = 120.000-20.000<br>Harga beli = 100.000<br><br>*Jadi yang untungnya tu langsung dijadiin ribuan,5
2024-10-28T15:29:42Z,@meutyafarah4556,Kalau dari soal kebetulan aja 20% dari 120.000 itu ya 20.000. Kalau soal yg berbeda gak bisa lgsg dari persen diubah ke nominal uang. Kecuali dicari manual. Pahamkah?,1
2024-10-28T15:52:27Z,@sintiasari7377,@@meutyafarah4556 thank uu,1
2024-10-28T14:05:56Z,@witriatanzz,Refleg ngikut ngitung wk,0
2024-10-28T14:02:19Z,@erlynaabidasari8173,Angga tu aku banget... ilmu coba2 n logika,5
2024-10-28T13:59:46Z,@DZnoSekai,"Pas liat thumbnail, wah tumben Bisma Smash , pas liat judul video : lah?",7
2024-10-28T13:57:40Z,@makailaofficial733,Bang jer...kapan nih kolab sama trio NUS,17
2024-10-29T21:56:47Z,@Apicell30,up,1
2024-10-28T13:56:08Z,@nandiarayastika7487,Saya gak&#39; salah milih idola Angga yunanda ganteng baik sholeh sayang keluarga kariernya bagus pinter Lagi semuanya perfect cowok idaman wanita sejuta umat bener ga guys...,0
2024-10-28T13:52:12Z,@prettea_cute,"Menurut gue cukup sih ngga, masa udh ganteng, mapan, trus pinter pula. Pusing banget gue ada manusia kayak angga ğŸ˜­",82
2024-10-29T06:24:42Z,@Ruby-ux9nj,ğŸ˜‚ğŸ˜‚ğŸ˜‚ğŸ˜‚,0
2024-10-30T04:28:52Z,@agusrahman626,Segitunya...ğŸ¤£,0
2024-10-28T13:45:13Z,@witriatanzz,Angga sudah dewasa wkwkğŸ˜Š,0
2024-10-28T13:44:00Z,@fathimlarak4276,kak plisss colab sama axel sandyy plisss,0
2024-10-28T13:42:24Z,@kangukhi2663,Keren,0
2024-10-28T13:41:33Z,@dyefseu_1254,"angga emang pinter dari pas sekolah ngga sii, sering ikut&quot; lomba juga dulu, emang dasarnya cepet nangkep ni anak wkwk keren!!",153
2024-10-28T17:23:54Z,@audinta,Ortunya kepala sekolah. Sudah pasti nurun gen dari emak bapaknya,14
2024-10-28T13:39:29Z,@icchasapratista5358,Pas ngerjakan bareng angga agak paham (cara cepat) pas mahamin konsepnya sm jerome kok tiba2 blank g paham ğŸ˜‚ duh otakku..,0
2024-10-28T13:39:22Z,@widhysoekamto2123,Kok mirip?? ğŸ˜…,0
2024-10-28T13:36:25Z,@Starmoon-x1u,Suka...tpi GK trllu pintarğŸ˜,0
2024-10-28T13:33:43Z,@Reffanii,Angga tu rambutnya selalu beda beda mungkin karna shuting film,0
2024-10-28T13:31:12Z,@virasevianidewantri,abis ini angga mau daftar cpns,1
2024-10-28T13:30:00Z,@Nnyunyun22,"Bjirrrr dr cover nya aja gk percaya itu Angga, kek beda orang. Pas dibuka videonya beneran Angga dong",11
2024-10-28T13:24:00Z,@athanasialou,"Wait waiitt yg 40% itu ditambah 10% kan, 10%nya dari mana ya? Kok aku lemotğŸ˜‚",0
2024-10-28T14:25:15Z,@e.h933,Kn ada dipertnyaan 20%:1/2+10% ya jd 40+10,0
2024-10-28T14:28:05Z,@athanasialou,@@e.h933 ohh aku ga merhatiin kayaknya pas bagian situğŸ˜ makasih udah di jelasin,0
2024-10-28T16:25:59Z,@e.h933,@@athanasialou sip ğŸ‘,0
2024-10-28T13:23:44Z,@bellavinanti,Hadirr bg jeromeee,0
2024-10-28T13:22:58Z,@SelaNurpitri,meleng dikit collab sama anggağŸ˜ğŸ˜,1
2024-10-28T13:20:54Z,@abrahamkeenanabdullahfanae9138,56 menit yg lalu semangat terus bang kontent nya Dan sehat selalu,0
2024-10-28T13:14:40Z,@sugeng_salto,Absen cuyy,0
2024-10-28T13:14:31Z,@haurahry,Lucu bgt angga yunanda kagetttt tibaÂ² kumisanğŸ˜­ğŸ˜­,0
2024-10-28T13:13:59Z,@latifahnur8462,Angga kumisan sekilas mirip Alffy Rev yakğŸ˜‚,0
2024-10-28T13:13:33Z,@IzdanaAlfaridzi,"<a href=""https://www.youtube.com/watch?v=c6ULhl5UU0k&amp;t=1010"">16:50</a> gw itung jawabany 320.000",0
2024-10-28T18:16:05Z,@Imron_u,Hah jelasin coba,0
2024-10-28T13:13:04Z,@26.primanitadewi84,angga pinter ternyataaa,0
2024-10-28T13:12:56Z,@Aristata-m1u,makin keliatan ganteng angga pas lagi pusing mikir jawabanğŸ˜‚,3
2024-10-28T13:10:46Z,@muhammadAkbar-b6n,"Mantap bang jerome ğŸ‘,,bang Angga yunanda cepet mikirnya dan cepat nangkap nya,ğŸ‘",8
2024-10-28T13:06:45Z,@hanzvlog9525,penonton di jam 20.06,0
2024-10-28T13:06:03Z,@sulissolekah1327,Gercep gak nihh??,1
2024-10-28T13:03:46Z,@buenasnoticias9093,Segmen beginian gak bakal gw lewatin....,8
2024-10-28T13:02:03Z,@pattijusongma,i suck at math :(,0
2024-10-28T13:01:53Z,@amaliakn906,Berasa murojaah mapel MTK wkwk,0
2024-10-28T13:00:56Z,@Ackeirz,"materi pecahan emang terbaik, klo udah ketemu integral udah nyerah gw",16
2024-10-28T13:04:31Z,@buenasnoticias9093,Apalagi sin cos tangen ğŸ˜‚,2
2024-10-30T14:31:47Z,@17.laludiva22,Udh bang ğŸ˜‚â€‹@@buenasnoticias9093,0
2024-10-28T13:00:44Z,@yulianaintannurfauziah4173,Angga kaya cipa kidal,0
2024-10-28T13:05:30Z,@buenasnoticias9093,Tidak kidal.<br>Yang kidal itu Hitomi,0
2024-10-28T13:14:28Z,@fina19,"Gak kidal itu kamera depan, liat tulisan kaosnya sama jambulnya aja kebalikğŸ˜¬",0
2024-10-29T13:56:54Z,@yulianaintannurfauziah4173,@@fina19 eh iya kamera depanğŸ˜,0
2024-10-28T12:58:59Z,@Zvera00,ğŸ˜³ğŸ˜³,0
2024-10-28T12:58:02Z,@sonimanofficialchannel3118,Bang jer emak bapak nya angga Kepsek wkwk basic pendidikan mayan oke lah,2
2024-10-28T12:57:04Z,@riaandriani7806,Udah nntn filmya. Jo jung suk dan DO,16
2024-10-28T12:57:01Z,@oreosebong,angga otaknya encer polll kerenn,14
2024-10-28T12:56:07Z,@danisariw,"Pinter, lucu, ganteng, multitalenta. Apa lagi sih yang lo gak bisa @angga?? ğŸ˜‚â¤â¤",41
2024-10-28T13:03:04Z,@buenasnoticias9093,Demikian pula dengan Jerome ğŸ˜‚<br>Tapi 1 hal yang belum pernah Jerome coba : dunia akting...,0
2024-10-28T17:24:40Z,@audinta,Yang ga bisa adalah tidak bisa kamu miliki ğŸ˜‚,0
2024-10-28T12:55:56Z,@SheylaSya,Angga kumisan keliatan makin dewasa dulu baby faceğŸ˜‚,9
2024-10-28T12:49:54Z,@indinmth,Bang undang ka ecaaa,4
2024-10-28T12:45:51Z,@putrijaswa-wq6nt,"aku merhatiin sampe abis, herannya aku tetep ga ngertiğŸ˜­ pdhal pas bang jer jelasin aku ngerasa kyk &quot;ouhh gtu, iya iya ngerti&quot; tpi pas aku mikir lgi tetep aja kyk &quot;hah, gmn gmna?&quot; ğŸ˜­",79
2024-10-28T13:01:39Z,@buenasnoticias9093,Kok kita sama ya ? ğŸ˜‚,2
2024-10-28T13:18:42Z,@elfiramadhani1112,Semangat otak,4
2024-10-28T13:43:22Z,@FebiMarques,Sama gw jgağŸ˜«ğŸ˜­,2
2024-10-28T16:02:14Z,@AliRamadhan-zd2jp,Kayaknya harus lebih fokus sih,0
2024-10-28T17:27:14Z,@almasramadhani7794,"Emang oon pada dasarnya ka, aku juga awalnya &quot;ohhh&quot; lama lama &quot;hah?&quot;ğŸ¤£",1
2024-10-28T12:42:10Z,@reskiyulianasulbanir3687,ğŸ˜,0
2024-10-28T12:42:00Z,@sugianorixc9539,Mirip Cok beda rambut ajağŸ˜…,0
2024-10-28T12:41:12Z,@y4y4h,Angga lucu berkumis gini..pinter matematika tambah lagi plusnya,138
2024-10-28T12:38:07Z,@sajakku8559,Angga yunanda tu ibu nya guru gw dulu,1
2024-10-28T12:36:07Z,@rkartikaST,ğŸ‰ğŸ‰ğŸ‰,0
2024-10-28T12:35:45Z,@TeanTvChannel,KOK JD MIRIPPPğŸ˜§ğŸ˜§ğŸ˜§,1
2024-10-28T12:35:24Z,@rdenV,sama bang medy kapan bg,1
2024-10-28T12:34:32Z,@adimaulana4232,Angga ada kumis sekilas kaya Charlie Puth,4
2024-10-28T12:33:21Z,@keanuariel8531,"<a href=""https://www.youtube.com/watch?v=c6ULhl5UU0k&amp;t=507"">8:27</a>-<a href=""https://www.youtube.com/watch?v=c6ULhl5UU0k&amp;t=512"">8:32</a> Kalau masih bingung dengan perkalian persen, anggap persen (%) sebagai variabel yang kalau dikali, (%)-nya tetap ada.",44
2024-10-28T12:31:59Z,@nicaannisa0100,Ez ez klo ini mah,0
2024-10-28T12:29:57Z,@aleacasandra3124,Ajarin salto pke rumus matematika dong bangğŸ™ŒğŸ»,0
2024-10-28T12:29:50Z,@Bindeka-ID,"Angga Yunanda kalo berkumis kek org lain, sekilas kek org lain, tapi kalo di liat serius baru keliatan ğŸ˜‚ğŸ˜‚",68
2024-10-29T03:12:47Z,@rrjyosa,mana rambutnya gituu kannğŸ˜­ğŸ˜­,0
2024-10-28T12:29:25Z,@sweet_beary,TibaÂ² banget sama angga next sama beby tsabina kak â¤ğŸ˜‚,1
2024-10-28T12:29:13Z,@CHOIRUL-m2r,"@nihongomantappu Assalamu&#39;alaikum/halo<br>Mas Jarome, saya mau bertanya  bagaimana cara menghitung tambahan 90+6 ke 99 yang dilakukan wasit Bahrain yang berbuat curang padahal hanya menambah 6 menit saja menjadi 100. Saya mau tanya bagaimana cara menghitungnya menurut IPA FISIKA DAN MTK.",0
2024-10-28T12:28:40Z,@sasikarani5663,SUKAAA MATEMATIKA TAPI MEMATIKAN KARENA M NYA MATI,1
2024-10-28T12:27:45Z,@annisabila4njay155,INI SERUU BGTTT PLSSSSS,13
2024-10-28T12:27:20Z,@WardatulJennah-s3u,Keren kak angga yunandağŸ˜‚â¤,3
2024-10-28T12:27:18Z,@ullynaura3564,Halo bangg,0
2024-10-28T12:26:57Z,@ayaaazhra1385,"udah lama ga liat angga, sekalinya liat uda kumisan wkwk kagett bangettğŸ˜­, aku kira bukan angga yunandaa",541
2024-10-28T13:04:51Z,@fuyunokaze2920,Kan untuk keperluan filmnya,21
2024-10-29T01:19:17Z,@lalusidiq7350,Itu penampilan filem,8
2024-10-29T02:29:21Z,@erni2325,Kirain parodi angga yunandağŸ™ğŸ˜­,5
2024-10-29T08:20:10Z,@FirdausAlfaizi,bener ğŸ˜‚,0
2024-10-29T08:55:29Z,@ryki2912,asli saking oenasarnua dr cover msa sih it angga ğŸ˜‚,0
2024-10-28T12:26:51Z,@windadwi5039,â¤â¤â¤â¤â¤â¤â¤,0
2024-10-28T12:26:42Z,@seeon6688,"Wow mantap, Makasih sudah Share Jerome..... aku baru pertama nih liat Angga Yunanda, apa dia punya channel?... God Bless You Jerome and Team. Amen.",25
2024-10-28T12:26:35Z,@dzudillashidqia7224,AKU SUKA ANGGA,3
2024-10-28T12:26:26Z,@DiantiYuniarti,Anaknya kepala sekolah kak jer jadi ya gak di raguin sih bisa matematika,43
2024-10-28T12:27:28Z,@annisabila4njay155,hahahaha iyaa juga,2
2024-10-28T12:26:24Z,@Dazai-c5j,Matematika itu menyenangkan ğŸ˜‹,1
2024-10-28T12:26:15Z,@23muhammadarifbillah23,Awok Awok,0
2024-10-28T12:26:05Z,@FauziahAndayani-y2y,â¤,0
2024-10-28T12:25:31Z,@nailirahmawatiainuddunya6363,Keren bgtğŸ˜Š,5
2024-10-28T12:25:31Z,@perasusanti9946,Weeee lahh anggaaaaâ¤â¤â¤,4
2024-10-28T12:25:26Z,@FansShad,Nihongo Mantappu menyukai komentar mu,1
2024-10-28T12:25:19Z,@DiantiYuniarti,Gercep banget langsung nonton karena ada notif,9
2024-10-28T12:25:17Z,@astii21,pertamaa bang jeerrrâ¤,0
2024-10-28T12:25:16Z,@RudhiHarson,First ğŸ‰,0
2024-10-28T12:25:16Z,@betronium6674,ğŸ˜®ğŸ˜®,1
2024-10-28T12:25:10Z,@GhailanShakeil-e7y,Halo kak jerome apa kabar???,1
2024-10-28T12:25:08Z,@Bebe_sabian,Pertama bang pin,0
2024-10-28T12:25:06Z,@NabilaTiaraadima,pertamaa banngg,0
2024-10-28T12:25:05Z,@StarlaKece,Ajarin matematika dong bang jerom ğŸ™ğŸ»,4
2024-10-28T13:04:18Z,@sidikyamani1086,"lah, trus ini lagi ngajarin apa renang ???",2
2024-10-28T13:06:02Z,@buenasnoticias9093,Nanti aja daftar Mantappu Academy...,1
2024-10-28T14:12:46Z,@astridcorner6859,ğŸ˜‚â€‹@@sidikyamani1086,0
2024-10-28T22:41:57Z,@StarlaKece,@@sidikyamani1086 Aku masih belum mengerti matematika loh... Baru sampai aljabar berpangkat... Itu pun udah susah banget,1
2024-10-28T12:25:05Z,@azzazukhrufia,uwee,0
2024-10-28T12:25:04Z,@elfaagstna,"AAAA NANGIS BANGET, AKHIRNYA COLLAB",13
2024-10-28T12:25:03Z,@ndindasr,Wahhhh kok bisa sama angga,5
2024-10-28T13:00:46Z,@meida1784,"Kan emng berteman Dan sering jumpa gitu cm gk di shoot, ğŸ‘ğŸ¤©",1
2024-10-28T12:24:56Z,@shaishayn_,FIRSSSTTT NOTIS AKU JEROOMMMZZZZZ,1
2024-10-28T12:24:55Z,@SongYtshort,Pertama <br>Sapa dong,1
2024-10-28T12:24:55Z,@GhailanShakeil-e7y,Pertama kak jerome,0
2024-10-28T12:24:55Z,@ahmadlutfi4510,Pertama bg,0
2024-10-28T12:24:52Z,@SandroNatanael1212,First lageeeee,0
2024-10-28T12:24:51Z,@ExileXyz,Hi,0
2024-10-28T12:24:49Z,@forestxd1189,Haloo,0
2024-10-28T12:24:47Z,@haura9028,First!!,1
2024-10-28T12:24:46Z,@nihongomantappu,ABSEN 300 ORANG YANG SUKA MATEMATIKAAA!!,690
2024-10-28T12:25:11Z,@Nhabila_Cesaria_Ramlan,YoğŸ¤˜,7
2024-10-28T12:25:21Z,@nelle09,AKUUUU,5
2024-10-28T12:25:35Z,@briliantidhika7433,Akuuuuuuâ€¦.gasukağŸ˜­,7
2024-10-28T12:25:53Z,@_rds.27_72,sayaa,6
2024-10-28T12:26:22Z,@windadwi5039,â¤â¤â¤,3
